medicamento_id,medicamento_nombre,total_historico,promedio_mensual,ultimo_mes_cantidad,ultimo_mes_fecha,mes_1_nombre,mes_1_cantidad,mes_2_nombre,mes_2_cantidad,mes_3_nombre,mes_3_cantidad,total_prediccion
300,HIPOTEN 200MG TABLETA,305.0,8.243243243243244,11.0,2025-06-01,July 2025,34,August 2025,34,September 2025,34,102
329,ARTRIFIN 10MG PARCHE,460.0,12.432432432432432,4.0,2025-06-01,July 2025,35,August 2025,4,September 2025,35,74
4,Acetaminofen Comprimido,429.0,11.594594594594595,12.0,2025-06-01,July 2025,21,August 2025,21,September 2025,21,63
360,NAPROXENO 20MG SOLUCIAN,312.0,8.432432432432432,3.0,2025-06-01,July 2025,21,August 2025,21,September 2025,21,63
108,Trimetoprimacotrimoxazol Suspension,493.0,13.324324324324325,8.0,2025-06-01,July 2025,30,August 2025,30,September 2025,0,60
446,DIAZEPAM 30MG PARCHE,384.0,10.378378378378379,18.0,2025-06-01,July 2025,19,August 2025,19,September 2025,19,57
117,Ginseng Capsula,325.0,8.783783783783784,6.0,2025-06-01,July 2025,18,August 2025,18,September 2025,18,54
435,SINUCLEAN 60MG UNGAENTO,242.0,6.54054054054054,8.0,2025-06-01,July 2025,4,August 2025,24,September 2025,24,52
495,LOSACOR 15MG COMPRIMIDO,321.0,8.675675675675675,4.0,2025-06-01,July 2025,16,August 2025,16,September 2025,16,48
319,FLUMODERM 300MG INYECTABLE,163.0,4.405405405405405,0.0,2025-06-01,July 2025,22,August 2025,3,September 2025,22,47
369,FORTEGRIP 75MG JARABE,373.0,10.08108108108108,6.0,2025-06-01,July 2025,20,August 2025,20,September 2025,7,47
79,Omeprazol Capsula,450.0,12.162162162162161,2.0,2025-06-01,July 2025,3,August 2025,22,September 2025,22,47
169,ARTRIFIN 75MG CAPSULA,404.0,10.91891891891892,5.0,2025-06-01,July 2025,20,August 2025,20,September 2025,6,46
443,ARTRIFIN 80MG JARABE,137.0,3.7027027027027026,7.0,2025-06-01,July 2025,18,August 2025,8,September 2025,18,44
84,Capscapsula,315.0,8.513513513513514,13.0,2025-06-01,July 2025,14,August 2025,14,September 2025,14,42
30,Inyectable Jeringa,233.0,6.297297297297297,22.0,2025-06-01,July 2025,14,August 2025,14,September 2025,14,42
144,CLARITROMICINA 30MG SUSPENSIAN,304.0,8.216216216216216,4.0,2025-06-01,July 2025,14,August 2025,14,September 2025,14,42
247,NIFEDIPINO 600MG GOTAS,259.0,7.0,18.0,2025-06-01,July 2025,14,August 2025,14,September 2025,14,42
312,MIGRADOL 160MG SUSPENSIAN,525.0,14.18918918918919,4.0,2025-06-01,July 2025,3,August 2025,31,September 2025,6,40
260,LISINOPRIL 80MG TABLETA,390.0,10.54054054054054,6.0,2025-06-01,July 2025,19,August 2025,19,September 2025,2,40
130,AMITRIPTILINA 200MG AEROSOL,349.0,9.432432432432432,9.0,2025-06-01,July 2025,0,August 2025,20,September 2025,20,40
125,DEXAMETASONA 50MG SUPOSITORIO,370.0,10.0,12.0,2025-06-01,July 2025,19,August 2025,10,September 2025,10,39
471,VITANIC 25MG TABLETA,373.0,10.08108108108108,3.0,2025-06-01,July 2025,5,August 2025,17,September 2025,17,39
98,Polvo,200.0,5.405405405405405,4.0,2025-06-01,July 2025,13,August 2025,13,September 2025,13,39
50,Dexametasona Tableta,194.0,5.243243243243243,0.0,2025-06-01,July 2025,13,August 2025,13,September 2025,13,39
213,AMITRIPTILINA 5MG UNGAENTO,236.0,6.378378378378378,7.0,2025-06-01,July 2025,13,August 2025,13,September 2025,13,39
157,CETIRIZINA 2.5MG AEROSOL,349.0,9.432432432432432,2.0,2025-06-01,July 2025,0,August 2025,19,September 2025,19,38
243,SALURAN 60MG UNGAENTO,360.0,9.72972972972973,1.0,2025-06-01,July 2025,18,August 2025,2,September 2025,18,38
419,NAPROXENO 1G CAPSULA,372.0,10.054054054054054,9.0,2025-06-01,July 2025,17,August 2025,3,September 2025,17,37
234,MUSCUREL 25MG TABLETA,237.0,6.405405405405405,5.0,2025-06-01,July 2025,15,August 2025,7,September 2025,15,37
139,MIGRAX 25MG GOTAS,279.0,7.54054054054054,3.0,2025-06-01,July 2025,15,August 2025,7,September 2025,15,37
315,CARDIOTEN 5MG POLVO,399.0,10.783783783783784,0.0,2025-06-01,July 2025,7,August 2025,23,September 2025,7,37
252,CARBAMAZEPINA 40MG PARCHE,286.0,7.72972972972973,3.0,2025-06-01,July 2025,15,August 2025,15,September 2025,7,37
49,Dexametasona Inyectable,212.0,5.72972972972973,11.0,2025-06-01,July 2025,8,August 2025,14,September 2025,14,36
354,ACETAMINOFEN 600MG AEROSOL,227.0,6.135135135135135,13.0,2025-06-01,July 2025,12,August 2025,12,September 2025,12,36
444,DEXAMETASONA 1G SOLUCIAN,356.0,9.621621621621621,18.0,2025-06-01,July 2025,4,August 2025,16,September 2025,16,36
406,APIROL 7.5MG INYECTABLE,243.0,6.5675675675675675,12.0,2025-06-01,July 2025,12,August 2025,12,September 2025,12,36
472,INSULINA 80MG POLVO,248.0,6.702702702702703,12.0,2025-06-01,July 2025,12,August 2025,12,September 2025,12,36
168,ALPRAZOLAM 2MG UNGAENTO,246.0,6.648648648648648,15.0,2025-06-01,July 2025,15,August 2025,6,September 2025,15,36
353,CITALOPRAM 75MG COMPRIMIDO,283.0,7.648648648648648,5.0,2025-06-01,July 2025,6,August 2025,15,September 2025,15,36
171,ACICLOVIR 250MG CREMA,267.0,7.216216216216216,3.0,2025-06-01,July 2025,12,August 2025,12,September 2025,12,36
375,STATCOL 1MG UNGAENTO,124.0,3.3513513513513513,7.0,2025-06-01,July 2025,12,August 2025,12,September 2025,12,36
327,AMOXICILINA 300MG AEROSOL,231.0,6.243243243243243,6.0,2025-06-01,July 2025,12,August 2025,12,September 2025,12,36
326,AMPICILINA 2.5MG JARABE,561.0,15.162162162162161,1.0,2025-06-01,July 2025,6,August 2025,2,September 2025,27,35
350,BONEMED 300MG PARCHE,360.0,9.72972972972973,5.0,2025-06-01,July 2025,25,August 2025,5,September 2025,5,35
148,AMOXICILINA 75MG GOTAS,294.0,7.945945945945946,9.0,2025-06-01,July 2025,5,August 2025,15,September 2025,15,35
393,ANALGISAN 2MG GOTAS,393.0,10.621621621621621,11.0,2025-06-01,July 2025,9,August 2025,9,September 2025,17,35
232,PENICILINA 40MG TABLETA,316.0,8.54054054054054,0.0,2025-06-01,July 2025,17,August 2025,17,September 2025,0,34
431,HIDROCLOROTIAZIDA 15MG CREMA,245.0,6.621621621621622,2.0,2025-06-01,July 2025,15,August 2025,4,September 2025,15,34
437,ALPRAZOLAM 160MG TABLETA,259.0,7.0,15.0,2025-06-01,July 2025,13,August 2025,13,September 2025,8,34
221,RELAXIN 200MG GOTAS,269.0,7.27027027027027,12.0,2025-06-01,July 2025,15,August 2025,15,September 2025,4,34
380,HIDROCORTISONA 80MG SUSPENSIAN,451.0,12.18918918918919,21.0,2025-06-01,July 2025,25,August 2025,6,September 2025,3,34
367,ENALAPRIL 250MG SUSPENSIAN,159.0,4.297297297297297,5.0,2025-06-01,July 2025,14,August 2025,14,September 2025,6,34
53,Ml Jarabe Mljarabe,539.0,14.567567567567568,6.0,2025-06-01,July 2025,2,August 2025,2,September 2025,30,34
321,FLUOXETINA 20MG TABLETA,136.0,3.675675675675676,12.0,2025-06-01,July 2025,12,August 2025,12,September 2025,10,34
55,Diclofenaco,283.0,7.648648648648648,5.0,2025-06-01,July 2025,4,August 2025,15,September 2025,15,34
16,Amoxicilina,199.0,5.378378378378378,2.0,2025-06-01,July 2025,14,August 2025,14,September 2025,5,33
145,NIFEDIPINO 60MG CREMA,331.0,8.945945945945946,16.0,2025-06-01,July 2025,15,August 2025,3,September 2025,15,33
244,CEFTRIAXONA 300MG CAPSULA,202.0,5.45945945945946,2.0,2025-06-01,July 2025,11,August 2025,11,September 2025,11,33
63,(terapidol) Comprimido,294.0,7.945945945945946,13.0,2025-06-01,July 2025,15,August 2025,15,September 2025,3,33
143,CITALOPRAM 2.5MG JARABE,218.0,5.891891891891892,13.0,2025-06-01,July 2025,15,August 2025,3,September 2025,15,33
15,X5g C/u.cj Cartul. Dup. X12sob. Stick,216.0,5.837837837837838,3.0,2025-06-01,July 2025,11,August 2025,11,September 2025,11,33
121,Losartan,40.0,1.0810810810810811,6.0,2025-06-01,July 2025,13,August 2025,13,September 2025,6,32
485,BENZATIN 1MG POLVO,261.0,7.054054054054054,9.0,2025-06-01,July 2025,8,August 2025,12,September 2025,12,32
277,FLUOXETINA 300MG UNGAENTO,382.0,10.324324324324325,0.0,2025-06-01,July 2025,9,August 2025,19,September 2025,4,32
70,Recubierto400 Mgcaja De Carton Impresa X Comprimido,212.0,5.72972972972973,4.0,2025-06-01,July 2025,13,August 2025,6,September 2025,13,32
334,DOLOPIN 1G COMPRIMIDO,239.0,6.45945945945946,10.0,2025-06-01,July 2025,14,August 2025,4,September 2025,14,32
469,CLOTRIMAZOL 500MG AEROSOL,182.0,4.918918918918919,11.0,2025-06-01,July 2025,6,August 2025,13,September 2025,13,32
490,MICOCLEAR 500MG COMPRIMIDO,317.0,8.567567567567568,0.0,2025-06-01,July 2025,16,August 2025,16,September 2025,0,32
414,DOLORAN 5MG CREMA,249.0,6.72972972972973,2.0,2025-06-01,July 2025,14,August 2025,14,September 2025,3,31
349,BECLOMETASONA 1G UNGAENTO,414.0,11.18918918918919,7.0,2025-06-01,July 2025,0,August 2025,31,September 2025,0,31
191,BENZATIN 125MG CAPSULA,245.0,6.621621621621622,15.0,2025-06-01,July 2025,4,August 2025,13,September 2025,13,30
180,METFORMINA 2MG SOLUCIAN,95.0,2.5675675675675675,15.0,2025-06-01,July 2025,14,August 2025,14,September 2025,2,30
200,ANALGISAN 600MG TABLETA,264.0,7.135135135135135,4.0,2025-06-01,July 2025,13,August 2025,13,September 2025,4,30
467,SALURAN 30MG CAPSULA,215.0,5.8108108108108105,2.0,2025-06-01,July 2025,12,August 2025,12,September 2025,6,30
413,FUROSEMIDA 125MG GOTAS,253.0,6.837837837837838,7.0,2025-06-01,July 2025,12,August 2025,6,September 2025,12,30
256,PREDNISONA 7.5MG JARABE,151.0,4.081081081081081,8.0,2025-06-01,July 2025,13,August 2025,13,September 2025,4,30
433,METOCLOPRAMIDA 160MG COMPRIMIDO,271.0,7.324324324324325,0.0,2025-06-01,July 2025,2,August 2025,14,September 2025,14,30
338,MUSCUREL 250MG PARCHE,400.0,10.81081081081081,0.0,2025-06-01,July 2025,3,August 2025,24,September 2025,3,30
297,IBUPROFENO 200MG AEROSOL,96.0,2.5945945945945947,6.0,2025-06-01,July 2025,10,August 2025,10,September 2025,10,30
332,LOSACOR 1MG CREMA,392.0,10.594594594594595,7.0,2025-06-01,July 2025,26,August 2025,4,September 2025,0,30
205,SINUCLEAN 50MG CREMA,227.0,6.135135135135135,6.0,2025-06-01,July 2025,14,August 2025,2,September 2025,14,30
356,LOSARTAN 200MG SOLUCIAN,495.0,13.378378378378379,29.0,2025-06-01,July 2025,3,August 2025,24,September 2025,3,30
167,AMLODIPINO 2.5MG UNGAENTO,323.0,8.72972972972973,3.0,2025-06-01,July 2025,6,August 2025,17,September 2025,6,29
126,PREDNISONA 30MG TABLETA,354.0,9.567567567567568,7.0,2025-06-01,July 2025,21,August 2025,2,September 2025,6,29
394,HIPOTEN 50MG TABLETA,187.0,5.054054054054054,3.0,2025-06-01,July 2025,3,August 2025,13,September 2025,13,29
390,MUSCUREL 5MG UNGAENTO,251.0,6.783783783783784,3.0,2025-06-01,July 2025,3,August 2025,13,September 2025,13,29
418,ARTRIFIN 30MG AEROSOL,63.0,1.7027027027027026,4.0,2025-06-01,July 2025,3,August 2025,13,September 2025,13,29
31,Cefixima Capsula,305.0,8.243243243243244,7.0,2025-06-01,July 2025,3,August 2025,13,September 2025,13,29
272,BENZATIN 15MG COMPRIMIDO,181.0,4.891891891891892,5.0,2025-06-01,July 2025,5,August 2025,12,September 2025,12,29
228,CARDIOTEN 300MG GOTAS,61.0,1.6486486486486487,0.0,2025-06-01,July 2025,8,August 2025,12,September 2025,8,28
263,IMMUNO+ 600MG CREMA,264.0,7.135135135135135,1.0,2025-06-01,July 2025,7,August 2025,7,September 2025,14,28
9,Inyectable Ampolla,234.0,6.324324324324325,2.0,2025-06-01,July 2025,12,August 2025,4,September 2025,12,28
219,DOLOLED 1MG POLVO,240.0,6.486486486486487,4.0,2025-06-01,July 2025,6,August 2025,11,September 2025,11,28
317,METFORMINA 10MG PARCHE,354.0,9.567567567567568,4.0,2025-06-01,July 2025,0,August 2025,6,September 2025,22,28
229,DOLOPIN 30MG AEROSOL,291.0,7.864864864864865,13.0,2025-06-01,July 2025,0,August 2025,23,September 2025,5,28
377,FLUMODERM 125MG JARABE,273.0,7.378378378378378,10.0,2025-06-01,July 2025,13,August 2025,13,September 2025,2,28
206,METFORMINA 25MG CREMA,163.0,4.405405405405405,11.0,2025-06-01,July 2025,11,August 2025,6,September 2025,11,28
412,DILCORAN 125MG TABLETA,284.0,7.675675675675675,4.0,2025-06-01,July 2025,13,August 2025,13,September 2025,2,28
374,ACICLOVIR 40MG CAPSULA,253.0,6.837837837837838,12.0,2025-06-01,July 2025,13,August 2025,2,September 2025,13,28
475,DEXAMETASONA 300MG SUSPENSIAN,177.0,4.783783783783784,9.0,2025-06-01,July 2025,12,August 2025,4,September 2025,12,28
188,ARTRIFIN 2MG TABLETA,168.0,4.54054054054054,13.0,2025-06-01,July 2025,12,August 2025,4,September 2025,12,28
489,BIOFLOX 2.5MG SUSPENSIAN,257.0,6.945945945945946,3.0,2025-06-01,July 2025,9,August 2025,19,September 2025,0,28
429,BECLOMETASONA 120MG JARABE,200.0,5.405405405405405,10.0,2025-06-01,July 2025,11,August 2025,6,September 2025,11,28
100,Prednisona Prednisona Comprimido,257.0,6.945945945945946,2.0,2025-06-01,July 2025,13,August 2025,13,September 2025,2,28
33,Dispersable,460.0,12.432432432432432,14.0,2025-06-01,July 2025,3,August 2025,3,September 2025,21,27
265,APIROL 30MG JARABE,259.0,7.0,6.0,2025-06-01,July 2025,5,August 2025,7,September 2025,15,27
185,SALBUTAMOL 160MG POLVO,89.0,2.4054054054054053,9.0,2025-06-01,July 2025,9,August 2025,9,September 2025,9,27
284,ASPIRINA 50MG PARCHE,104.0,2.810810810810811,20.0,2025-06-01,July 2025,9,August 2025,9,September 2025,9,27
447,APIROL 400MG SUSPENSIAN,188.0,5.081081081081081,17.0,2025-06-01,July 2025,11,August 2025,11,September 2025,5,27
226,ACICLOVIR 200MG CREMA,159.0,4.297297297297297,2.0,2025-06-01,July 2025,5,August 2025,11,September 2025,11,27
124,FLUMODERM 40MG SUSPENSIAN,447.0,12.08108108108108,8.0,2025-06-01,July 2025,2,August 2025,2,September 2025,23,27
399,PULMOSAN 40MG JARABE,231.0,6.243243243243243,12.0,2025-06-01,July 2025,3,August 2025,12,September 2025,12,27
241,RANITIDINA 30MG UNGAENTO,110.0,2.972972972972973,1.0,2025-06-01,July 2025,16,August 2025,2,September 2025,9,27
187,DOLOPIN 1MG SOLUCIAN,81.0,2.189189189189189,7.0,2025-06-01,July 2025,9,August 2025,9,September 2025,9,27
388,OFTALMIL 250MG JARABE,375.0,10.135135135135135,11.0,2025-06-01,July 2025,0,August 2025,0,September 2025,26,26
116,Ent.,201.0,5.4324324324324325,5.0,2025-06-01,July 2025,6,August 2025,6,September 2025,14,26
67,"Inyectable20 Mg / 0,2 Mlcja. X Jeringa",347.0,9.378378378378379,0.0,2025-06-01,July 2025,15,August 2025,7,September 2025,4,26
27,Azitromicina Capsula,177.0,4.783783783783784,11.0,2025-06-01,July 2025,13,August 2025,13,September 2025,0,26
38,Ceftriaxona,429.0,11.594594594594595,5.0,2025-06-01,July 2025,3,August 2025,20,September 2025,3,26
162,ERITROMICINA 10MG PARCHE,266.0,7.1891891891891895,10.0,2025-06-01,July 2025,6,August 2025,6,September 2025,14,26
468,BENZATIN 1G PARCHE,196.0,5.297297297297297,8.0,2025-06-01,July 2025,2,August 2025,12,September 2025,12,26
382,FEBRIL 40MG JARABE,364.0,9.837837837837839,0.0,2025-06-01,July 2025,0,August 2025,24,September 2025,2,26
417,ALERCET 25MG SUPOSITORIO,272.0,7.351351351351352,17.0,2025-06-01,July 2025,12,August 2025,7,September 2025,7,26
395,DEXAMETASONA 250MG POLVO,186.0,5.027027027027027,15.0,2025-06-01,July 2025,12,August 2025,12,September 2025,2,26
358,PREDNISONA 120MG UNGAENTO,260.0,7.027027027027027,3.0,2025-06-01,July 2025,6,August 2025,14,September 2025,6,26
211,IBUPROFENO 75MG GOTAS,105.0,2.8378378378378377,14.0,2025-06-01,July 2025,3,August 2025,9,September 2025,14,26
198,VITANIC 250MG CAPSULA,256.0,6.918918918918919,2.0,2025-06-01,July 2025,7,August 2025,12,September 2025,7,26
36,Ceftriaxona Inyectable,234.0,6.324324324324325,0.0,2025-06-01,July 2025,7,August 2025,2,September 2025,16,25
26,Plastica De Pp,271.0,7.324324324324325,11.0,2025-06-01,July 2025,15,August 2025,5,September 2025,5,25
88,Masticable100 Mg Comprimido,211.0,5.702702702702703,13.0,2025-06-01,July 2025,13,August 2025,4,September 2025,8,25
293,DORILAN 400MG GOTAS,194.0,5.243243243243243,9.0,2025-06-01,July 2025,6,August 2025,13,September 2025,6,25
289,CEFTRIAXONA 120MG TABLETA,171.0,4.621621621621622,4.0,2025-06-01,July 2025,10,August 2025,10,September 2025,5,25
52,Dexametasona Fosfato Solucion,185.0,5.0,5.0,2025-06-01,July 2025,10,August 2025,10,September 2025,5,25
41,Claritromicina Tableta,109.0,2.945945945945946,17.0,2025-06-01,July 2025,13,August 2025,6,September 2025,6,25
492,PULMOSAN 75MG AEROSOL,287.0,7.756756756756757,15.0,2025-06-01,July 2025,6,August 2025,13,September 2025,6,25
61,Dipirona Solucion,50.0,1.3513513513513513,8.0,2025-06-01,July 2025,9,August 2025,9,September 2025,7,25
430,CARBAMAZEPINA 160MG GOTAS,198.0,5.351351351351352,5.0,2025-06-01,July 2025,11,August 2025,3,September 2025,11,25
441,NAPROXENO 60MG UNGAENTO,184.0,4.972972972972973,3.0,2025-06-01,July 2025,11,August 2025,3,September 2025,11,25
179,HIDROCLOROTIAZIDA 20MG JARABE,322.0,8.702702702702704,10.0,2025-06-01,July 2025,17,August 2025,0,September 2025,8,25
87,Paracetamol Gotas,64.0,1.7297297297297298,17.0,2025-06-01,July 2025,6,August 2025,13,September 2025,6,25
89,Paracetamol Tableta,162.0,4.378378378378378,3.0,2025-06-01,July 2025,11,August 2025,11,September 2025,3,25
165,DOLOPIN 500MG PARCHE,268.0,7.243243243243243,2.0,2025-06-01,July 2025,6,August 2025,13,September 2025,6,25
119,Cetirizina,268.0,7.243243243243243,2.0,2025-06-01,July 2025,7,August 2025,15,September 2025,3,25
12,Acido Acetil Salicilico,234.0,6.324324324324325,12.0,2025-06-01,July 2025,14,August 2025,8,September 2025,3,25
231,GASTRIDIN 30MG UNGAENTO,407.0,11.0,3.0,2025-06-01,July 2025,2,August 2025,0,September 2025,23,25
129,VITANIC 125MG PARCHE,212.0,5.72972972972973,10.0,2025-06-01,July 2025,11,August 2025,11,September 2025,3,25
286,GASTRIDIN 20MG CAPSULA,123.0,3.324324324324324,5.0,2025-06-01,July 2025,10,August 2025,10,September 2025,4,24
48,Dexametasona Comprimido,24.0,0.6486486486486487,6.0,2025-06-01,July 2025,8,August 2025,8,September 2025,8,24
51,Dexametasona,35.0,0.9459459459459459,10.0,2025-06-01,July 2025,8,August 2025,8,September 2025,8,24
303,VITAPLUS 15MG CAPSULA,64.0,1.7297297297297298,6.0,2025-06-01,July 2025,8,August 2025,8,September 2025,8,24
449,HIPOTEN 200MG SUPOSITORIO,99.0,2.675675675675676,9.0,2025-06-01,July 2025,8,August 2025,8,September 2025,8,24
233,GLIBENCLAMIDA 600MG POLVO,146.0,3.945945945945946,15.0,2025-06-01,July 2025,11,August 2025,2,September 2025,11,24
131,PREDNISONA 75MG AEROSOL,193.0,5.216216216216216,11.0,2025-06-01,July 2025,6,August 2025,6,September 2025,12,24
409,LISINOPRIL 125MG AEROSOL,269.0,7.27027027027027,2.0,2025-06-01,July 2025,7,August 2025,14,September 2025,3,24
423,ANALGIN 125MG COMPRIMIDO,282.0,7.621621621621622,6.0,2025-06-01,July 2025,3,August 2025,15,September 2025,6,24
77,Levofloxacina Comprimido,125.0,3.3783783783783785,5.0,2025-06-01,July 2025,8,August 2025,8,September 2025,8,24
322,ACICLOVIR 30MG TABLETA,321.0,8.675675675675675,7.0,2025-06-01,July 2025,4,August 2025,4,September 2025,16,24
158,ERITROMICINA 5MG SUSPENSIAN,237.0,6.405405405405405,11.0,2025-06-01,July 2025,7,August 2025,3,September 2025,14,24
346,DILCORAN 500MG SUSPENSIAN,155.0,4.1891891891891895,2.0,2025-06-01,July 2025,11,August 2025,11,September 2025,2,24
344,BENZATIN 75MG POLVO,184.0,4.972972972972973,3.0,2025-06-01,July 2025,2,August 2025,22,September 2025,0,24
142,MIGRAX 2.5MG SOLUCIAN,205.0,5.54054054054054,8.0,2025-06-01,July 2025,12,August 2025,0,September 2025,12,24
176,CARBAMAZEPINA 60MG UNGAENTO,125.0,3.3783783783783785,4.0,2025-06-01,July 2025,10,August 2025,10,September 2025,4,24
464,METOCLOPRAMIDA 7.5MG COMPRIMIDO,392.0,10.594594594594595,11.0,2025-06-01,July 2025,5,August 2025,0,September 2025,19,24
23,Azitromicina Tableta,392.0,10.594594594594595,5.0,2025-06-01,July 2025,3,August 2025,0,September 2025,21,24
470,ASPIRINA 125MG CAPSULA,91.0,2.4594594594594597,0.0,2025-06-01,July 2025,4,August 2025,12,September 2025,8,24
474,ERITROMICINA 75MG SUPOSITORIO,155.0,4.1891891891891895,3.0,2025-06-01,July 2025,8,August 2025,12,September 2025,4,24
488,SINUCLEAN 20MG UNGAENTO,177.0,4.783783783783784,7.0,2025-06-01,July 2025,3,August 2025,10,September 2025,10,23
224,DIAZEPAM 2.5MG GOTAS,80.0,2.1621621621621623,5.0,2025-06-01,July 2025,9,August 2025,9,September 2025,5,23
361,SINUCLEAN 50MG UNGAENTO,263.0,7.108108108108108,1.0,2025-06-01,July 2025,7,August 2025,3,September 2025,13,23
459,GLUCOMET 30MG SUPOSITORIO,294.0,7.945945945945946,12.0,2025-06-01,July 2025,16,August 2025,7,September 2025,0,23
8,Acetil Cisteina Muxatil Jarabe,174.0,4.702702702702703,4.0,2025-06-01,July 2025,10,August 2025,10,September 2025,3,23
74,Ibuprofeno Capsula,208.0,5.621621621621622,4.0,2025-06-01,July 2025,13,August 2025,5,September 2025,5,23
314,AMPICILINA 2.5MG COMPRIMIDO,178.0,4.8108108108108105,4.0,2025-06-01,July 2025,10,August 2025,3,September 2025,10,23
318,LOSACOR 40MG AEROSOL,171.0,4.621621621621622,4.0,2025-06-01,July 2025,10,August 2025,3,September 2025,10,23
238,SERTRALINA 10MG JARABE,118.0,3.189189189189189,12.0,2025-06-01,July 2025,3,August 2025,10,September 2025,10,23
133,FUROSEMIDA 400MG SUSPENSIAN,100.0,2.7027027027027026,9.0,2025-06-01,July 2025,9,August 2025,5,September 2025,9,23
424,CLARITROMICINA 200MG JARABE,141.0,3.810810810810811,17.0,2025-06-01,July 2025,6,August 2025,11,September 2025,6,23
62,Dipirona,150.0,4.054054054054054,3.0,2025-06-01,July 2025,10,August 2025,10,September 2025,3,23
408,RELAXIN 2MG JARABE,77.0,2.081081081081081,16.0,2025-06-01,July 2025,10,August 2025,10,September 2025,2,22
99,Prednisona Comprimido,215.0,5.8108108108108105,7.0,2025-06-01,July 2025,5,August 2025,12,September 2025,5,22
308,LISINOPRIL 40MG POLVO,95.0,2.5675675675675675,11.0,2025-06-01,July 2025,0,August 2025,11,September 2025,11,22
305,ASPIRINA 80MG SUSPENSIAN,171.0,4.621621621621622,2.0,2025-06-01,July 2025,2,August 2025,10,September 2025,10,22
78,Metamizol Sodico Solucion,179.0,4.837837837837838,1.0,2025-06-01,July 2025,2,August 2025,10,September 2025,10,22
324,DOLOLED 60MG SOLUCIAN,212.0,5.72972972972973,5.0,2025-06-01,July 2025,6,August 2025,13,September 2025,3,22
91,Paracetamol Actimol Jarabe,140.0,3.7837837837837838,5.0,2025-06-01,July 2025,9,August 2025,4,September 2025,9,22
363,SALURAN 40MG UNGAENTO,190.0,5.135135135135135,10.0,2025-06-01,July 2025,12,August 2025,3,September 2025,7,22
500,CAPTOPRIL 40MG TABLETA,113.0,3.054054054054054,7.0,2025-06-01,July 2025,11,August 2025,11,September 2025,0,22
365,BENZATIN 20MG JARABE,244.0,6.594594594594595,14.0,2025-06-01,July 2025,13,August 2025,3,September 2025,6,22
347,GASTRIDIN 15MG UNGAENTO,283.0,7.648648648648648,6.0,2025-06-01,July 2025,8,August 2025,6,September 2025,8,22
302,REUMACIN 300MG SUPOSITORIO,296.0,8.0,12.0,2025-06-01,July 2025,13,August 2025,3,September 2025,6,22
259,AMITRIPTILINA 2MG COMPRIMIDO,124.0,3.3513513513513513,16.0,2025-06-01,July 2025,10,August 2025,10,September 2025,2,22
269,BENZATIN 15MG PARCHE,22.0,0.5945945945945946,5.0,2025-06-01,July 2025,5,August 2025,4,September 2025,13,22
493,NAPROXENO 25MG GOTAS,262.0,7.081081081081081,4.0,2025-06-01,July 2025,16,August 2025,3,September 2025,3,22
18,Amoxicilina Solucion,178.0,4.8108108108108105,6.0,2025-06-01,July 2025,11,August 2025,11,September 2025,0,22
348,GLUCOMET 10MG SOLUCIAN,39.0,1.054054054054054,4.0,2025-06-01,July 2025,9,August 2025,3,September 2025,9,21
276,NAPROXENO 200MG POLVO,252.0,6.8108108108108105,7.0,2025-06-01,July 2025,6,August 2025,13,September 2025,2,21
25,Azitromicina Suspension,237.0,6.405405405405405,15.0,2025-06-01,July 2025,3,August 2025,3,September 2025,15,21
351,DORILAN 75MG TABLETA,139.0,3.7567567567567566,8.0,2025-06-01,July 2025,5,August 2025,11,September 2025,5,21
497,GLUCOMET 500MG AEROSOL,204.0,5.513513513513513,10.0,2025-06-01,July 2025,7,August 2025,7,September 2025,7,21
80,Omeprazol Solucion,211.0,5.702702702702703,4.0,2025-06-01,July 2025,11,August 2025,5,September 2025,5,21
450,FLUMODERM 5MG UNGAENTO,202.0,5.45945945945946,7.0,2025-06-01,July 2025,10,August 2025,10,September 2025,1,21
71,Ibuprofeno Frasco,269.0,7.27027027027027,3.0,2025-06-01,July 2025,3,August 2025,3,September 2025,15,21
279,CLARITROMICINA 10MG INYECTABLE,276.0,7.45945945945946,4.0,2025-06-01,July 2025,3,August 2025,3,September 2025,15,21
487,METFORMINA 60MG INYECTABLE,178.0,4.8108108108108105,7.0,2025-06-01,July 2025,1,August 2025,10,September 2025,10,21
253,ZANTIVA 125MG COMPRIMIDO,212.0,5.72972972972973,12.0,2025-06-01,July 2025,13,August 2025,5,September 2025,3,21
396,ALERCET 400MG POLVO,101.0,2.72972972972973,4.0,2025-06-01,July 2025,10,August 2025,10,September 2025,1,21
466,BONEMED 2MG UNGAENTO,387.0,10.45945945945946,8.0,2025-06-01,July 2025,2,August 2025,9,September 2025,9,20
201,DORILAN 40MG JARABE,186.0,5.027027027027027,14.0,2025-06-01,July 2025,5,August 2025,12,September 2025,3,20
40,Claritromicina,94.0,2.5405405405405403,8.0,2025-06-01,July 2025,6,August 2025,8,September 2025,6,20
64,Recubierto Comprimido,20.0,0.5405405405405406,7.0,2025-06-01,July 2025,5,August 2025,8,September 2025,7,20
43,Claritromicina Suspension,263.0,7.108108108108108,7.0,2025-06-01,July 2025,3,August 2025,3,September 2025,14,20
248,REUMACIN 60MG COMPRIMIDO,59.0,1.5945945945945945,5.0,2025-06-01,July 2025,2,August 2025,14,September 2025,4,20
111,Nicotinamida Capsula,160.0,4.324324324324325,3.0,2025-06-01,July 2025,5,August 2025,10,September 2025,5,20
415,LOSACOR 60MG COMPRIMIDO,152.0,4.108108108108108,3.0,2025-06-01,July 2025,9,August 2025,2,September 2025,9,20
242,AMLODIPINO 200MG COMPRIMIDO,119.0,3.2162162162162162,2.0,2025-06-01,July 2025,10,August 2025,10,September 2025,0,20
381,IMMUNO+ 500MG POLVO,172.0,4.648648648648648,5.0,2025-06-01,July 2025,4,August 2025,12,September 2025,4,20
199,MIGRADOL 60MG PARCHE,227.0,6.135135135135135,9.0,2025-06-01,July 2025,2,August 2025,5,September 2025,13,20
173,PENICILINA 2.5MG GOTAS,115.0,3.108108108108108,0.0,2025-06-01,July 2025,9,August 2025,9,September 2025,2,20
484,ALPRAZOLAM 400MG SUSPENSIAN,263.0,7.108108108108108,2.0,2025-06-01,July 2025,2,August 2025,5,September 2025,13,20
325,DICLOFENACO 200MG SUPOSITORIO,263.0,7.108108108108108,2.0,2025-06-01,July 2025,14,August 2025,6,September 2025,0,20
134,STATCOL 1MG SOLUCIAN,223.0,6.027027027027027,4.0,2025-06-01,July 2025,2,August 2025,13,September 2025,5,20
274,LOSACOR 10MG CAPSULA,169.0,4.5675675675675675,3.0,2025-06-01,July 2025,9,August 2025,9,September 2025,1,19
439,MIGRAX 25MG POLVO,182.0,4.918918918918919,13.0,2025-06-01,July 2025,3,August 2025,13,September 2025,3,19
333,MIGRAX 15MG CAPSULA,175.0,4.72972972972973,5.0,2025-06-01,July 2025,4,August 2025,11,September 2025,4,19
481,BENZATIN 50MG JARABE,213.0,5.756756756756757,6.0,2025-06-01,July 2025,1,August 2025,13,September 2025,5,19
189,REUMACIN 80MG GOTAS,174.0,4.702702702702703,12.0,2025-06-01,July 2025,3,August 2025,5,September 2025,11,19
368,SERTRALINA 500MG TABLETA,169.0,4.5675675675675675,5.0,2025-06-01,July 2025,2,August 2025,11,September 2025,6,19
195,CARDIOTEN 40MG GOTAS,95.0,2.5675675675675675,3.0,2025-06-01,July 2025,11,August 2025,3,September 2025,5,19
496,SINUCLEAN 300MG TABLETA,119.0,3.2162162162162162,13.0,2025-06-01,July 2025,19,August 2025,0,September 2025,0,19
152,RELAXIN 200MG INYECTABLE,203.0,5.486486486486487,9.0,2025-06-01,July 2025,6,August 2025,2,September 2025,11,19
186,ALPRAZOLAM 15MG PARCHE,217.0,5.864864864864865,9.0,2025-06-01,July 2025,4,August 2025,4,September 2025,11,19
65,Dipirona Inyectable,81.0,2.189189189189189,16.0,2025-06-01,July 2025,3,August 2025,13,September 2025,3,19
331,IBUPROFENO 60MG PARCHE,223.0,6.027027027027027,7.0,2025-06-01,July 2025,5,August 2025,12,September 2025,2,19
313,SALURAN 500MG CAPSULA,99.0,2.675675675675676,13.0,2025-06-01,July 2025,5,August 2025,5,September 2025,9,19
197,FUROSEMIDA 10MG CAPSULA,226.0,6.108108108108108,4.0,2025-06-01,July 2025,11,August 2025,4,September 2025,4,19
342,CLARITROMICINA 25MG GOTAS,187.0,5.054054054054054,3.0,2025-06-01,July 2025,10,August 2025,4,September 2025,4,18
465,AMLODIPINO 2.5MG SOLUCIAN,104.0,2.810810810810811,5.0,2025-06-01,July 2025,10,August 2025,6,September 2025,2,18
2,Acetaminofen Solucion,49.0,1.3243243243243243,9.0,2025-06-01,July 2025,8,August 2025,8,September 2025,2,18
473,NAPROXENO 250MG GOTAS,18.0,0.4864864864864865,8.0,2025-06-01,July 2025,7,August 2025,8,September 2025,3,18
366,HIPOTEN 2MG AEROSOL,225.0,6.081081081081081,3.0,2025-06-01,July 2025,13,August 2025,5,September 2025,0,18
341,ERITROMICINA 2MG GOTAS,292.0,7.891891891891892,15.0,2025-06-01,July 2025,3,August 2025,15,September 2025,0,18
340,FEBRILEX 1MG JARABE,155.0,4.1891891891891895,0.0,2025-06-01,July 2025,0,August 2025,11,September 2025,7,18
83,Omeprazol Inyectable,248.0,6.702702702702703,6.0,2025-06-01,July 2025,3,August 2025,12,September 2025,3,18
136,CAPTOPRIL 30MG UNGAENTO,123.0,3.324324324324324,15.0,2025-06-01,July 2025,9,August 2025,0,September 2025,9,18
113,Vitaminas Y Minerales Capsula,131.0,3.5405405405405403,7.0,2025-06-01,July 2025,3,August 2025,10,September 2025,5,18
287,MIGRAX 120MG CREMA,142.0,3.8378378378378377,6.0,2025-06-01,July 2025,6,August 2025,6,September 2025,6,18
66,Enoxaparina Solucion,309.0,8.35135135135135,7.0,2025-06-01,July 2025,0,August 2025,3,September 2025,15,18
401,FUROSEMIDA 20MG COMPRIMIDO,203.0,5.486486486486487,2.0,2025-06-01,July 2025,4,August 2025,4,September 2025,10,18
292,ANALGIN 300MG POLVO,179.0,4.837837837837838,8.0,2025-06-01,July 2025,0,August 2025,0,September 2025,17,17
392,LOSACOR 400MG SUPOSITORIO,212.0,5.72972972972973,5.0,2025-06-01,July 2025,2,August 2025,4,September 2025,11,17
149,BIOFLOX 1MG TABLETA,231.0,6.243243243243243,4.0,2025-06-01,July 2025,14,August 2025,3,September 2025,0,17
362,CIPROFLOXACINO 20MG GOTAS,215.0,5.8108108108108105,14.0,2025-06-01,July 2025,11,August 2025,3,September 2025,3,17
170,CEFTRIAXONA 300MG PARCHE,153.0,4.135135135135135,10.0,2025-06-01,July 2025,0,August 2025,6,September 2025,11,17
182,PULMOSAN 15MG INYECTABLE,106.0,2.864864864864865,7.0,2025-06-01,July 2025,4,August 2025,2,September 2025,11,17
203,SERTRALINA 60MG UNGAENTO,51.0,1.3783783783783783,3.0,2025-06-01,July 2025,4,August 2025,10,September 2025,3,17
330,SALBUTAMOL 10MG CREMA,228.0,6.162162162162162,10.0,2025-06-01,July 2025,2,August 2025,15,September 2025,0,17
291,REUMACIN 20MG UNGAENTO,212.0,5.72972972972973,4.0,2025-06-01,July 2025,3,August 2025,3,September 2025,11,17
288,FUROSEMIDA 30MG COMPRIMIDO,163.0,4.405405405405405,15.0,2025-06-01,July 2025,2,August 2025,5,September 2025,10,17
262,ATORVASTATINA 120MG SUPOSITORIO,113.0,3.054054054054054,4.0,2025-06-01,July 2025,9,August 2025,3,September 2025,5,17
101,Prednisona,166.0,4.486486486486487,14.0,2025-06-01,July 2025,12,August 2025,4,September 2025,1,17
240,CEFTRIAXONA 1MG SUPOSITORIO,165.0,4.45945945945946,1.0,2025-06-01,July 2025,5,August 2025,10,September 2025,2,17
311,HIDROCORTISONA 20MG PARCHE,199.0,5.378378378378378,10.0,2025-06-01,July 2025,0,August 2025,0,September 2025,17,17
132,FEBRIL 125MG SUPOSITORIO,188.0,5.081081081081081,9.0,2025-06-01,July 2025,3,August 2025,11,September 2025,3,17
442,DIAZEPAM 125MG TABLETA,139.0,3.7567567567567566,19.0,2025-06-01,July 2025,2,August 2025,13,September 2025,2,17
46,Mg / Susp Mlsulfametoxazol; Trimetoprima Suspension,196.0,5.297297297297297,8.0,2025-06-01,July 2025,0,August 2025,12,September 2025,5,17
181,FORTEGRIP 160MG GOTAS,126.0,3.4054054054054053,4.0,2025-06-01,July 2025,3,August 2025,10,September 2025,3,16
118,Mljarabe,265.0,7.162162162162162,4.0,2025-06-01,July 2025,2,August 2025,2,September 2025,12,16
397,ZANTIVA 160MG SUSPENSIAN,151.0,4.081081081081081,5.0,2025-06-01,July 2025,11,August 2025,5,September 2025,0,16
127,BECLOMETASONA 1MG TABLETA,99.0,2.675675675675676,7.0,2025-06-01,July 2025,2,August 2025,4,September 2025,10,16
266,FUROSEMIDA 30MG SOLUCIAN,134.0,3.6216216216216215,15.0,2025-06-01,July 2025,4,August 2025,0,September 2025,12,16
72,Ibuprofeno Tableta,308.0,8.324324324324325,4.0,2025-06-01,July 2025,16,August 2025,0,September 2025,0,16
29,Extemporanea,239.0,6.45945945945946,5.0,2025-06-01,July 2025,4,August 2025,8,September 2025,4,16
295,ACETAMINOFEN 25MG GOTAS,279.0,7.54054054054054,6.0,2025-06-01,July 2025,5,August 2025,5,September 2025,5,15
225,MIGRADOL 160MG SOLUCIAN,164.0,4.4324324324324325,8.0,2025-06-01,July 2025,3,August 2025,9,September 2025,3,15
245,BENZATIN 400MG UNGAENTO,168.0,4.54054054054054,8.0,2025-06-01,July 2025,13,August 2025,2,September 2025,0,15
307,PENICILINA 7.5MG SUPOSITORIO,226.0,6.108108108108108,4.0,2025-06-01,July 2025,6,August 2025,3,September 2025,6,15
482,DILCORAN 60MG GOTAS,169.0,4.5675675675675675,7.0,2025-06-01,July 2025,6,August 2025,3,September 2025,6,15
283,HIDROCLOROTIAZIDA 25MG SOLUCIAN,221.0,5.972972972972973,6.0,2025-06-01,July 2025,12,August 2025,0,September 2025,3,15
194,AMITRIPTILINA 25MG CREMA,88.0,2.3783783783783785,4.0,2025-06-01,July 2025,5,August 2025,5,September 2025,5,15
59,Diclofenaco Sodico Diclofenaco Sodico Tableta,173.0,4.675675675675675,1.0,2025-06-01,July 2025,6,August 2025,3,September 2025,6,15
432,ANALGISAN 125MG SUSPENSIAN,44.0,1.1891891891891893,11.0,2025-06-01,July 2025,6,August 2025,9,September 2025,0,15
410,MIGRADOL 50MG CAPSULA,230.0,6.216216216216216,6.0,2025-06-01,July 2025,15,August 2025,0,September 2025,0,15
123,DOLORAN 600MG COMPRIMIDO,182.0,4.918918918918919,3.0,2025-06-01,July 2025,5,August 2025,5,September 2025,5,15
407,OMEPRAZOL 2MG PARCHE,205.0,5.54054054054054,14.0,2025-06-01,July 2025,0,August 2025,14,September 2025,1,15
28,Recubierto,116.0,3.135135135135135,1.0,2025-06-01,July 2025,11,August 2025,1,September 2025,3,15
456,DERMADIN 200MG AEROSOL,173.0,4.675675675675675,9.0,2025-06-01,July 2025,4,August 2025,7,September 2025,4,15
448,SERTRALINA 1MG COMPRIMIDO,149.0,4.027027027027027,5.0,2025-06-01,July 2025,1,August 2025,4,September 2025,10,15
190,IBUPROFENO 75MG CAPSULA,121.0,3.27027027027027,11.0,2025-06-01,July 2025,2,August 2025,11,September 2025,2,15
163,ANALGISAN 2.5MG COMPRIMIDO,210.0,5.675675675675675,8.0,2025-06-01,July 2025,4,August 2025,7,September 2025,4,15
223,ANALGISAN 125MG SOLUCIAN,108.0,2.918918918918919,7.0,2025-06-01,July 2025,11,August 2025,3,September 2025,0,14
76,Susp Ml S/esuspension Oral,268.0,7.243243243243243,13.0,2025-06-01,July 2025,3,August 2025,8,September 2025,3,14
454,FEBRILEX 75MG INYECTABLE,542.0,14.64864864864865,0.0,2025-06-01,July 2025,3,August 2025,8,September 2025,3,14
196,FORTEGRIP 1G CAPSULA,287.0,7.756756756756757,0.0,2025-06-01,July 2025,0,August 2025,0,September 2025,14,14
81,Omeprazol Polvo,135.0,3.6486486486486487,10.0,2025-06-01,July 2025,2,August 2025,6,September 2025,6,14
258,ALPRAZOLAM 400MG TABLETA,282.0,7.621621621621622,2.0,2025-06-01,July 2025,14,August 2025,0,September 2025,0,14
345,VITANIC 2.5MG COMPRIMIDO,52.0,1.4054054054054055,12.0,2025-06-01,July 2025,2,August 2025,2,September 2025,10,14
336,CLOTRIMAZOL 250MG SOLUCIAN,162.0,4.378378378378378,17.0,2025-06-01,July 2025,1,August 2025,11,September 2025,1,13
210,CIPROFLOXACINO 10MG INYECTABLE,331.0,8.945945945945946,7.0,2025-06-01,July 2025,0,August 2025,4,September 2025,9,13
21,Azitromicina Comprimido,482.0,13.027027027027026,7.0,2025-06-01,July 2025,8,August 2025,0,September 2025,5,13
17,Suspension250mg/ Fco. De Pead,205.0,5.54054054054054,15.0,2025-06-01,July 2025,13,August 2025,0,September 2025,0,13
339,GLIBENCLAMIDA 600MG TABLETA,48.0,1.2972972972972974,7.0,2025-06-01,July 2025,3,August 2025,7,September 2025,3,13
184,ALERCET 25MG CREMA,365.0,9.864864864864865,5.0,2025-06-01,July 2025,3,August 2025,3,September 2025,7,13
138,VITAPLUS 80MG UNGAENTO,200.0,5.405405405405405,3.0,2025-06-01,July 2025,0,August 2025,0,September 2025,13,13
45,Comprimido,233.0,6.297297297297297,0.0,2025-06-01,July 2025,0,August 2025,0,September 2025,13,13
6,Acetaminofen,24.0,0.6486486486486487,4.0,2025-06-01,July 2025,5,August 2025,3,September 2025,5,13
479,FEBRILEX 7.5MG JARABE,262.0,7.081081081081081,10.0,2025-06-01,July 2025,0,August 2025,0,September 2025,13,13
463,REUMACIN 1MG TABLETA,284.0,7.675675675675675,12.0,2025-06-01,July 2025,3,August 2025,5,September 2025,5,13
102,Ranurado,182.0,4.918918918918919,10.0,2025-06-01,July 2025,13,August 2025,0,September 2025,0,13
387,REUMACIN 60MG AEROSOL,259.0,7.0,14.0,2025-06-01,July 2025,13,August 2025,0,September 2025,0,13
153,BENZATIN 300MG JARABE,230.0,6.216216216216216,11.0,2025-06-01,July 2025,11,August 2025,2,September 2025,0,13
306,RANITIDINA 50MG SUSPENSIAN,108.0,2.918918918918919,11.0,2025-06-01,July 2025,10,August 2025,1,September 2025,1,12
290,FUROSEMIDA 125MG SUSPENSIAN,436.0,11.783783783783784,7.0,2025-06-01,July 2025,4,August 2025,4,September 2025,4,12
159,ASPIRINA 125MG GOTAS,220.0,5.945945945945946,2.0,2025-06-01,July 2025,5,August 2025,5,September 2025,2,12
404,ARTRIFIN 2MG UNGAENTO,91.0,2.4594594594594597,17.0,2025-06-01,July 2025,1,August 2025,3,September 2025,8,12
207,DILCORAN 1G JARABE,174.0,4.702702702702703,13.0,2025-06-01,July 2025,2,August 2025,5,September 2025,5,12
75,Ibuprofeno,194.0,5.243243243243243,0.0,2025-06-01,July 2025,0,August 2025,0,September 2025,12,12
60,Diclofenaco Capsula,181.0,4.891891891891892,6.0,2025-06-01,July 2025,12,August 2025,0,September 2025,0,12
462,LORATADINA 600MG UNGAENTO,191.0,5.162162162162162,9.0,2025-06-01,July 2025,4,August 2025,4,September 2025,4,12
218,SERTRALINA 600MG CAPSULA,272.0,7.351351351351352,7.0,2025-06-01,July 2025,3,August 2025,6,September 2025,3,12
267,ERITROMICINA 75MG UNGAENTO,265.0,7.162162162162162,13.0,2025-06-01,July 2025,3,August 2025,6,September 2025,3,12
114,Aminoacidos Polvo,115.0,3.108108108108108,11.0,2025-06-01,July 2025,11,August 2025,0,September 2025,0,11
250,AMOXICILINA 2MG CREMA,315.0,8.513513513513514,0.0,2025-06-01,July 2025,0,August 2025,8,September 2025,3,11
294,ANALGIN 75MG PARCHE,170.0,4.594594594594595,0.0,2025-06-01,July 2025,0,August 2025,0,September 2025,11,11
323,CARDIOTEN 300MG AEROSOL,145.0,3.918918918918919,7.0,2025-06-01,July 2025,1,August 2025,9,September 2025,1,11
251,BONEMED 50MG UNGAENTO,175.0,4.72972972972973,6.0,2025-06-01,July 2025,7,August 2025,0,September 2025,4,11
296,CALCIOMAX 7.5MG PARCHE,158.0,4.27027027027027,0.0,2025-06-01,July 2025,0,August 2025,4,September 2025,7,11
268,CETIRIZINA 600MG SUSPENSIAN,115.0,3.108108108108108,11.0,2025-06-01,July 2025,5,August 2025,3,September 2025,3,11
34,Ceftriaxona Polvo,260.0,7.027027027027027,5.0,2025-06-01,July 2025,5,August 2025,3,September 2025,3,11
499,CLONAZEPAM 250MG INYECTABLE,49.0,1.3243243243243243,4.0,2025-06-01,July 2025,11,August 2025,0,September 2025,0,11
122,DILCORAN 250MG CAPSULA,217.0,5.864864864864865,7.0,2025-06-01,July 2025,11,August 2025,0,September 2025,0,11
107,Salbutamol Comprimido,297.0,8.027027027027026,4.0,2025-06-01,July 2025,3,August 2025,0,September 2025,8,11
494,DORILAN 1G SOLUCIAN,165.0,4.45945945945946,2.0,2025-06-01,July 2025,4,August 2025,2,September 2025,4,10
20,Amoxicilina Polvo,87.0,2.3513513513513513,1.0,2025-06-01,July 2025,8,August 2025,1,September 2025,1,10
24,Azitromicina,321.0,8.675675675675675,8.0,2025-06-01,July 2025,6,August 2025,0,September 2025,4,10
254,ALPRAZOLAM 125MG SOLUCIAN,21.0,0.5675675675675675,2.0,2025-06-01,July 2025,8,August 2025,1,September 2025,1,10
373,CLARITROMICINA 10MG POLVO,29.0,0.7837837837837838,10.0,2025-06-01,July 2025,10,August 2025,0,September 2025,0,10
378,ANALGISAN 200MG GOTAS,331.0,8.945945945945946,12.0,2025-06-01,July 2025,7,August 2025,3,September 2025,0,10
391,REUMACIN 100MG CAPSULA,220.0,5.945945945945946,12.0,2025-06-01,July 2025,0,August 2025,6,September 2025,4,10
147,IBUPROFENO 30MG CREMA,111.0,3.0,5.0,2025-06-01,July 2025,5,August 2025,5,September 2025,0,10
477,CITALOPRAM 50MG PARCHE,41.0,1.1081081081081081,7.0,2025-06-01,July 2025,4,August 2025,6,September 2025,0,10
73,Recubierta400mgcaja,145.0,3.918918918918919,0.0,2025-06-01,July 2025,0,August 2025,3,September 2025,7,10
47,Dexametasona Solucion,232.0,6.27027027027027,3.0,2025-06-01,July 2025,3,August 2025,7,September 2025,0,10
421,CEFALIN 5MG AEROSOL,99.0,2.675675675675676,15.0,2025-06-01,July 2025,0,August 2025,1,September 2025,9,10
452,FEBRIL 2MG CREMA,160.0,4.324324324324325,5.0,2025-06-01,July 2025,10,August 2025,0,September 2025,0,10
69,Ibuprofeno Comprimido,212.0,5.72972972972973,13.0,2025-06-01,July 2025,2,August 2025,6,September 2025,2,10
352,METRONIDAZOL 80MG PARCHE,118.0,3.189189189189189,8.0,2025-06-01,July 2025,10,August 2025,0,September 2025,0,10
90,Paracetamol Supositorio,69.0,1.864864864864865,6.0,2025-06-01,July 2025,1,August 2025,8,September 2025,1,10
202,INSULINA 60MG CREMA,101.0,2.72972972972973,10.0,2025-06-01,July 2025,3,August 2025,6,September 2025,0,9
370,METOCLOPRAMIDA 1G CAPSULA,224.0,6.054054054054054,9.0,2025-06-01,July 2025,3,August 2025,3,September 2025,3,9
166,AMPICILINA 250MG TABLETA,260.0,7.027027027027027,14.0,2025-06-01,July 2025,3,August 2025,3,September 2025,3,9
155,GLIBENCLAMIDA 2MG SUPOSITORIO,122.0,3.2972972972972974,6.0,2025-06-01,July 2025,2,August 2025,5,September 2025,2,9
39,Claritromicina Comprimido,278.0,7.513513513513513,4.0,2025-06-01,July 2025,3,August 2025,3,September 2025,3,9
480,AMITRIPTILINA 500MG PARCHE,373.0,10.08108108108108,8.0,2025-06-01,July 2025,3,August 2025,3,September 2025,3,9
316,INSULINA 200MG COMPRIMIDO,377.0,10.18918918918919,10.0,2025-06-01,July 2025,3,August 2025,3,September 2025,3,9
11,Masticables Blister,141.0,3.810810810810811,9.0,2025-06-01,July 2025,2,August 2025,5,September 2025,2,9
400,LORATADINA 60MG UNGAENTO,178.0,4.8108108108108105,9.0,2025-06-01,July 2025,1,August 2025,1,September 2025,7,9
453,OFTALMIL 40MG INYECTABLE,236.0,6.378378378378378,12.0,2025-06-01,July 2025,3,August 2025,3,September 2025,3,9
343,DERMADIN 50MG INYECTABLE,29.0,0.7837837837837838,5.0,2025-06-01,July 2025,8,August 2025,0,September 2025,0,8
216,ZANTIVA 15MG PARCHE,122.0,3.2972972972972974,12.0,2025-06-01,July 2025,8,August 2025,0,September 2025,0,8
135,VITAPLUS 50MG SUSPENSIAN,233.0,6.297297297297297,4.0,2025-06-01,July 2025,0,August 2025,6,September 2025,2,8
104,Salbutamol Aerosol,231.0,6.243243243243243,0.0,2025-06-01,July 2025,0,August 2025,0,September 2025,8,8
309,METRONIDAZOL 75MG JARABE,112.0,3.027027027027027,14.0,2025-06-01,July 2025,4,August 2025,0,September 2025,4,8
379,CLONAZEPAM 100MG CAPSULA,160.0,4.324324324324325,9.0,2025-06-01,July 2025,7,August 2025,0,September 2025,0,7
120,Ranitidina,312.0,8.432432432432432,14.0,2025-06-01,July 2025,0,August 2025,7,September 2025,0,7
208,ALPRAZOLAM 2.5MG POLVO,98.0,2.6486486486486487,16.0,2025-06-01,July 2025,7,August 2025,0,September 2025,0,7
460,METOCLOPRAMIDA 30MG SOLUCIAN,165.0,4.45945945945946,5.0,2025-06-01,July 2025,2,August 2025,5,September 2025,0,7
438,OFTALMIL 60MG SUSPENSIAN,143.0,3.864864864864865,7.0,2025-06-01,July 2025,2,August 2025,5,September 2025,0,7
97,Divertida Disp X60 Sobrespolvo Granulado,280.0,7.5675675675675675,14.0,2025-06-01,July 2025,2,August 2025,2,September 2025,2,6
56,Diclofenaco Comprimido,145.0,3.918918918918919,4.0,2025-06-01,July 2025,2,August 2025,2,September 2025,2,6
451,SALURAN 600MG INYECTABLE,181.0,4.891891891891892,9.0,2025-06-01,July 2025,6,August 2025,0,September 2025,0,6
476,AMPICILINA 75MG GOTAS,125.0,3.3783783783783785,3.0,2025-06-01,July 2025,2,August 2025,2,September 2025,2,6
434,AZITROMICINA 100MG INYECTABLE,147.0,3.972972972972973,13.0,2025-06-01,July 2025,2,August 2025,2,September 2025,2,6
85,Paracetamol Solucion,297.0,8.027027027027026,7.0,2025-06-01,July 2025,0,August 2025,3,September 2025,3,6
301,AMPICILINA 120MG CAPSULA,270.0,7.297297297297297,2.0,2025-06-01,July 2025,2,August 2025,2,September 2025,2,6
298,ALPRAZOLAM 2.5MG TABLETA,153.0,4.135135135135135,0.0,2025-06-01,July 2025,0,August 2025,3,September 2025,3,6
483,HIPOTEN 1G PARCHE,187.0,5.054054054054054,5.0,2025-06-01,July 2025,1,August 2025,1,September 2025,4,6
271,STATCOL 1G INYECTABLE,129.0,3.4864864864864864,1.0,2025-06-01,July 2025,2,August 2025,2,September 2025,2,6
328,PENICILINA 20MG UNGAENTO,389.0,10.513513513513514,28.0,2025-06-01,July 2025,2,August 2025,2,September 2025,2,6
193,SALURAN 75MG JARABE,195.0,5.27027027027027,14.0,2025-06-01,July 2025,6,August 2025,0,September 2025,0,6
491,CLARITROMICINA 2MG POLVO,260.0,7.027027027027027,0.0,2025-06-01,July 2025,0,August 2025,0,September 2025,6,6
237,DOLOPIN 60MG COMPRIMIDO,290.0,7.837837837837838,0.0,2025-06-01,July 2025,0,August 2025,0,September 2025,6,6
58,Diclofenaco Inyectable,244.0,6.594594594594595,3.0,2025-06-01,July 2025,6,August 2025,0,September 2025,0,6
96,Loratadina,224.0,6.054054054054054,5.0,2025-06-01,July 2025,2,August 2025,2,September 2025,2,6
146,METFORMINA 400MG POLVO,247.0,6.675675675675675,4.0,2025-06-01,July 2025,6,August 2025,0,September 2025,0,6
364,OMEPRAZOL 5MG SUPOSITORIO,285.0,7.702702702702703,0.0,2025-06-01,July 2025,0,August 2025,0,September 2025,6,6
160,RANITIDINA 1MG GOTAS,268.0,7.243243243243243,9.0,2025-06-01,July 2025,3,August 2025,3,September 2025,0,6
174,VITANIC 15MG COMPRIMIDO,239.0,6.45945945945946,0.0,2025-06-01,July 2025,2,August 2025,2,September 2025,2,6
359,BONEMED 80MG SOLUCIAN,270.0,7.297297297297297,3.0,2025-06-01,July 2025,2,August 2025,2,September 2025,2,6
389,CITALOPRAM 250MG JARABE,142.0,3.8378378378378377,9.0,2025-06-01,July 2025,1,August 2025,4,September 2025,1,6
57,Diclofenaco Tableta,191.0,5.162162162162162,0.0,2025-06-01,July 2025,0,August 2025,3,September 2025,3,6
115,Vitaminas/minerales/dha,139.0,3.7567567567567566,6.0,2025-06-01,July 2025,6,August 2025,0,September 2025,0,6
230,IMMUNO+ 600MG COMPRIMIDO,106.0,2.864864864864865,14.0,2025-06-01,July 2025,4,August 2025,2,September 2025,0,6
320,FUROSEMIDA 600MG TABLETA,134.0,3.6216216216216215,5.0,2025-06-01,July 2025,2,August 2025,2,September 2025,2,6
151,AMITRIPTILINA 120MG COMPRIMIDO,100.0,2.7027027027027026,3.0,2025-06-01,July 2025,2,August 2025,2,September 2025,2,6
403,ANALGISAN 100MG INYECTABLE,211.0,5.702702702702703,11.0,2025-06-01,July 2025,5,August 2025,0,September 2025,0,5
402,FLUMODERM 1MG UNGAENTO,118.0,3.189189189189189,1.0,2025-06-01,July 2025,5,August 2025,0,September 2025,0,5
357,DOLOPIN 1G INYECTABLE,157.0,4.243243243243243,2.0,2025-06-01,July 2025,5,August 2025,0,September 2025,0,5
94,Acetaminofen Tableta,137.0,3.7027027027027026,2.0,2025-06-01,July 2025,2,August 2025,2,September 2025,0,4
384,METFORMINA 40MG COMPRIMIDO,365.0,9.864864864864865,9.0,2025-06-01,July 2025,0,August 2025,0,September 2025,4,4
110,Sulfato De Zinc Fortzink Capsula Blanda Cja X 14;20;28 A 30 Cap Cap.bdas,147.0,3.972972972972973,5.0,2025-06-01,July 2025,4,August 2025,0,September 2025,0,4
44,Recubierto500 Mg Comprimido,169.0,4.5675675675675675,11.0,2025-06-01,July 2025,2,August 2025,2,September 2025,0,4
457,VITANIC 125MG INYECTABLE,309.0,8.35135135135135,12.0,2025-06-01,July 2025,0,August 2025,4,September 2025,0,4
304,NAPROXENO 300MG CREMA,157.0,4.243243243243243,8.0,2025-06-01,July 2025,1,August 2025,1,September 2025,1,3
128,FLUMODERM 120MG AEROSOL,208.0,5.621621621621622,0.0,2025-06-01,July 2025,0,August 2025,3,September 2025,0,3
209,DIPIRONA 250MG TABLETA,282.0,7.621621621621622,0.0,2025-06-01,July 2025,0,August 2025,0,September 2025,3,3
310,IMMUNO+ 120MG JARABE,108.0,2.918918918918919,8.0,2025-06-01,July 2025,3,August 2025,0,September 2025,0,3
141,METRONIDAZOL 120MG INYECTABLE,112.0,3.027027027027027,15.0,2025-06-01,July 2025,1,August 2025,1,September 2025,1,3
35,Ceftriaxona Solucion,350.0,9.45945945945946,7.0,2025-06-01,July 2025,3,August 2025,0,September 2025,0,3
112,Vitamina B1; B6 ; B12 Frasco,197.0,5.324324324324325,3.0,2025-06-01,July 2025,0,August 2025,0,September 2025,3,3
86,Paracetamol Jarabe,170.0,4.594594594594595,8.0,2025-06-01,July 2025,3,August 2025,0,September 2025,0,3
445,METOCLOPRAMIDA 2MG JARABE,249.0,6.72972972972973,8.0,2025-06-01,July 2025,3,August 2025,0,September 2025,0,3
405,AMOXICILINA 1G POLVO,310.0,8.378378378378379,16.0,2025-06-01,July 2025,3,August 2025,0,September 2025,0,3
105,Salbutamol 100mcg Aerosol,213.0,5.756756756756757,2.0,2025-06-01,July 2025,2,August 2025,0,September 2025,0,2
398,CLOTRIMAZOL 500MG SUPOSITORIO,99.0,2.675675675675676,13.0,2025-06-01,July 2025,2,August 2025,0,September 2025,0,2
222,METFORMINA 25MG SUPOSITORIO,303.0,8.18918918918919,4.0,2025-06-01,July 2025,0,August 2025,0,September 2025,2,2
19,Amoxicilina Comprimido,189.0,5.108108108108108,2.0,2025-06-01,July 2025,2,August 2025,0,September 2025,0,2
420,BONEMED 120MG CREMA,179.0,4.837837837837838,0.0,2025-06-01,July 2025,0,August 2025,0,September 2025,2,2
416,DOLOPIN 300MG SUPOSITORIO,87.0,2.3513513513513513,2.0,2025-06-01,July 2025,2,August 2025,0,September 2025,0,2
455,ASPIRINA 80MG CAPSULA,126.0,3.4054054054054053,23.0,2025-06-01,July 2025,0,August 2025,0,September 2025,1,1
335,HIPOTEN 100MG COMPRIMIDO,131.0,3.5405405405405403,0.0,2025-06-01,July 2025,0,August 2025,0,September 2025,0,0
227,OFTALMIL 500MG PARCHE,232.0,6.27027027027027,0.0,2025-06-01,July 2025,0,August 2025,0,September 2025,0,0
236,CIPROFLOXACINO 600MG INYECTABLE,156.0,4.216216216216216,0.0,2025-06-01,July 2025,0,August 2025,0,September 2025,0,0
214,DOLOPIN 300MG CAPSULA,172.0,4.648648648648648,0.0,2025-06-01,July 2025,0,August 2025,0,September 2025,0,0
280,OFTALMIL 15MG COMPRIMIDO,247.0,6.675675675675675,6.0,2025-06-01,July 2025,0,August 2025,0,September 2025,0,0
278,PENICILINA 30MG PARCHE,89.0,2.4054054054054053,6.0,2025-06-01,July 2025,0,August 2025,0,September 2025,0,0
281,ERITROMICINA 25MG AEROSOL,134.0,3.6216216216216215,0.0,2025-06-01,July 2025,0,August 2025,0,September 2025,0,0
22,Azitromicina Polvo,51.0,1.3783783783783783,0.0,2025-06-01,July 2025,0,August 2025,0,September 2025,0,0
13,Aspirina Comprimido,137.0,3.7027027027027026,0.0,2025-06-01,July 2025,0,August 2025,0,September 2025,0,0
10,Inyectable,151.0,4.081081081081081,0.0,2025-06-01,July 2025,0,August 2025,0,September 2025,0,0
14,Aspirina,247.0,6.675675675675675,9.0,2025-06-01,July 2025,0,August 2025,0,September 2025,0,0
239,OMEPRAZOL 1MG JARABE,57.0,1.5405405405405406,0.0,2025-06-01,July 2025,0,August 2025,0,September 2025,0,0
255,BONEMED 10MG PARCHE,95.0,2.5675675675675675,11.0,2025-06-01,July 2025,0,August 2025,0,September 2025,0,0
257,OFTALMIL 10MG SUSPENSIAN,19.0,0.5135135135135135,12.0,2025-06-01,July 2025,0,August 2025,0,September 2025,0,0
249,DERMADIN 60MG CREMA,328.0,8.864864864864865,0.0,2025-06-01,July 2025,0,August 2025,0,September 2025,0,0
261,MUSCUREL 75MG INYECTABLE,142.0,3.8378378378378377,9.0,2025-06-01,July 2025,0,August 2025,0,September 2025,0,0
270,VITAPLUS 7.5MG SOLUCIAN,137.0,3.7027027027027026,4.0,2025-06-01,July 2025,0,August 2025,0,September 2025,0,0
273,FEBRILEX 25MG TABLETA,246.0,6.648648648648648,0.0,2025-06-01,July 2025,0,August 2025,0,September 2025,0,0
275,DILCORAN 2.5MG JARABE,235.0,6.351351351351352,0.0,2025-06-01,July 2025,0,August 2025,0,September 2025,0,0
246,CETIRIZINA 40MG INYECTABLE,105.0,2.8378378378378377,0.0,2025-06-01,July 2025,0,August 2025,0,September 2025,0,0
217,ANALGIN 75MG CREMA,48.0,1.2972972972972974,13.0,2025-06-01,July 2025,0,August 2025,0,September 2025,0,0
220,CETIRIZINA 10MG TABLETA,78.0,2.108108108108108,9.0,2025-06-01,July 2025,0,August 2025,0,September 2025,0,0
212,CEFALIN 1G POLVO,52.0,1.4054054054054055,0.0,2025-06-01,July 2025,0,August 2025,0,September 2025,0,0
386,ACETAMINOFEN 160MG JARABE,277.0,7.486486486486487,13.0,2025-06-01,July 2025,0,August 2025,0,September 2025,0,0
175,FLUOXETINA 160MG SOLUCIAN,243.0,6.5675675675675675,2.0,2025-06-01,July 2025,0,August 2025,0,September 2025,0,0
385,FLUOXETINA 20MG POLVO,217.0,5.864864864864865,0.0,2025-06-01,July 2025,0,August 2025,0,September 2025,0,0
383,FEBRILEX 300MG AEROSOL,83.0,2.2432432432432434,0.0,2025-06-01,July 2025,0,August 2025,0,September 2025,0,0
137,AMITRIPTILINA 75MG CREMA,217.0,5.864864864864865,12.0,2025-06-01,July 2025,0,August 2025,0,September 2025,0,0
192,RELAXIN 250MG SOLUCIAN,127.0,3.4324324324324325,0.0,2025-06-01,July 2025,0,August 2025,0,September 2025,0,0
183,ATORVASTATINA 2MG UNGAENTO,241.0,6.513513513513513,0.0,2025-06-01,July 2025,0,August 2025,0,September 2025,0,0
177,FLUOXETINA 40MG COMPRIMIDO,84.0,2.27027027027027,0.0,2025-06-01,July 2025,0,August 2025,0,September 2025,0,0
161,HIDROCLOROTIAZIDA 10MG AEROSOL,239.0,6.45945945945946,0.0,2025-06-01,July 2025,0,August 2025,0,September 2025,0,0
140,BONEMED 20MG POLVO,110.0,2.972972972972973,16.0,2025-06-01,July 2025,0,August 2025,0,September 2025,0,0
172,AMPICILINA 125MG UNGAENTO,176.0,4.756756756756757,0.0,2025-06-01,July 2025,0,August 2025,0,September 2025,0,0
371,DIAZEPAM 500MG COMPRIMIDO,234.0,6.324324324324325,0.0,2025-06-01,July 2025,0,August 2025,0,September 2025,0,0
204,SALURAN 75MG SUSPENSIAN,164.0,4.4324324324324325,6.0,2025-06-01,July 2025,0,August 2025,0,September 2025,0,0
68,Ibuprofeno Suspension,112.0,3.027027027027027,4.0,2025-06-01,July 2025,0,August 2025,0,September 2025,0,0
428,FLUMODERM 100MG CREMA,128.0,3.4594594594594597,6.0,2025-06-01,July 2025,0,August 2025,0,September 2025,0,0
425,LOSARTAN 7.5MG PARCHE,179.0,4.837837837837838,0.0,2025-06-01,July 2025,0,August 2025,0,September 2025,0,0
426,RANITIDINA 20MG AEROSOL,120.0,3.2432432432432434,0.0,2025-06-01,July 2025,0,August 2025,0,September 2025,0,0
93,Paracetamol Frasco,81.0,2.189189189189189,6.0,2025-06-01,July 2025,0,August 2025,0,September 2025,0,0
95,Aspirina Capsula,201.0,5.4324324324324325,4.0,2025-06-01,July 2025,0,August 2025,0,September 2025,0,0
103,Respirador,117.0,3.1621621621621623,0.0,2025-06-01,July 2025,0,August 2025,0,September 2025,0,0
106,Salbutamol,234.0,6.324324324324325,0.0,2025-06-01,July 2025,0,August 2025,0,September 2025,0,0
42,Recubierta500 Mgcaja X10 Tableta,62.0,1.6756756756756757,0.0,2025-06-01,July 2025,0,August 2025,0,September 2025,0,0
461,ANALGIN 50MG TABLETA,92.0,2.4864864864864864,4.0,2025-06-01,July 2025,0,August 2025,0,September 2025,0,0
458,METRONIDAZOL 15MG PARCHE,98.0,2.6486486486486487,14.0,2025-06-01,July 2025,0,August 2025,0,September 2025,0,0
54,Diclofenaco Solucion,51.0,1.3783783783783783,0.0,2025-06-01,July 2025,0,August 2025,0,September 2025,0,0
37,Ceftriaxona Ceftriaxona Polvo Inyectable,244.0,6.594594594594595,0.0,2025-06-01,July 2025,0,August 2025,0,September 2025,0,0
32,Cefixima Comprimido,164.0,4.4324324324324325,22.0,2025-06-01,July 2025,0,August 2025,0,September 2025,0,0
478,VITAPLUS 10MG GOTAS,137.0,3.7027027027027026,0.0,2025-06-01,July 2025,0,August 2025,0,September 2025,0,0
7,Inyectable300mg Ampolla,256.0,6.918918918918919,8.0,2025-06-01,July 2025,0,August 2025,0,September 2025,0,0
